rank	topic	view_count	category	collected_at
1	高颜值巧克力	14.8亿	美食	2026-06-02 14:56:31
2	早餐吃什么	107.2亿	美食	2026-06-02 14:56:31
3	面条的花式做法	30.7亿	美食	2026-06-02 14:56:31
4	我的煲汤秘籍	6.9亿	美食	2026-06-02 14:56:31
5	咖啡topping	524.5万	美食	2026-06-02 14:56:31
6	美容养颜食谱	16.3亿	美食	2026-06-02 14:56:31
7	最爱喝的酸奶	5.0亿	美食	2026-06-02 14:56:31
8	让人无法拒绝的饼干	9.1亿	美食	2026-06-02 14:56:31
9	葡萄酒品酒笔记	7.1亿	美食	2026-06-02 14:56:31
10	折叠紫菜包饭太有趣了	1703.1万	美食	2026-06-02 14:56:31
11	护肤品成分大起底	4.1亿	美妆	2026-06-02 14:56:31
12	日常高光	7.1亿	美妆	2026-06-02 14:56:31
13	沉浸式化妆	22.8亿	美妆	2026-06-02 14:56:31
14	我的彩妆测评	2.8亿	美妆	2026-06-02 14:56:31
15	眼线到底怎么画	11.8亿	美妆	2026-06-02 14:56:31
16	新手必备化妆刷	9.1亿	美妆	2026-06-02 14:56:31
17	我的国风妆造	7.8亿	美妆	2026-06-02 14:56:31
18	精华深度测评	6.8亿	美妆	2026-06-02 14:56:31
19	面膜分享	16.0亿	美妆	2026-06-02 14:56:31
20	如何拯救痘痘肌	49.4亿	美妆	2026-06-02 14:56:31
21	无墨镜不出门	5.0亿	时尚	2026-06-02 14:56:31
22	我的卫衣够潮	8.3亿	时尚	2026-06-02 14:56:31
23	法式穿搭	40.3亿	时尚	2026-06-02 14:56:31
24	All色单品召集令	618.3万	时尚	2026-06-02 14:56:31
25	买不买试装间	5136.9万	时尚	2026-06-02 14:56:31
26	男生改造计划	12.8亿	时尚	2026-06-02 14:56:31
27	好搭的裤子	83.6亿	时尚	2026-06-02 14:56:31
28	高个子穿搭	74.3亿	时尚	2026-06-02 14:56:31
29	平价西装推荐	1.2亿	时尚	2026-06-02 14:56:31
30	色彩穿搭挑战	5435.5万	时尚	2026-06-02 14:56:31
31	拍拍家乡风景	3.6亿	出行	2026-06-02 14:56:31
32	夜宵好去处	13.9亿	出行	2026-06-02 14:56:31
33	苏州旅行	14.8亿	出行	2026-06-02 14:56:31
34	小众旅行地	141.2亿	出行	2026-06-02 14:56:31
35	拍照超美的展览	3.7亿	出行	2026-06-02 14:56:31
36	一起去露营	52.3亿	出行	2026-06-02 14:56:31
37	一起逛夜市	6.5亿	出行	2026-06-02 14:56:31
38	探访边陲小镇	6278.1万	出行	2026-06-02 14:56:31
39	主题公园分享	2.2亿	出行	2026-06-02 14:56:31
40	迪士尼周边民宿	6302.8万	出行	2026-06-02 14:56:31
41	趣味知识科普	61.5亿	知识	2026-06-02 14:56:31
42	商业思维	75.9亿	知识	2026-06-02 14:56:31
43	我的兼职日常	18.5亿	知识	2026-06-02 14:56:31
44	解忧实验室	1.2亿	知识	2026-06-02 14:56:31
45	人生感悟	53.8亿	知识	2026-06-02 14:56:31
46	小情侣的日常	335.1亿	知识	2026-06-02 14:56:31
47	家庭教育经验分享	49.8亿	知识	2026-06-02 14:56:31
48	论文写作	38.2亿	知识	2026-06-02 14:56:31
49	最全待产包清单	6.1亿	知识	2026-06-02 14:56:31
50	宝宝睡眠日记	8.0亿	知识	2026-06-02 14:56:31
51	小颗粒积木	4.1亿	兴趣爱好	2026-06-02 14:56:31
52	每日练字打卡	62.8亿	兴趣爱好	2026-06-02 14:56:31
53	干花制作	2.6亿	兴趣爱好	2026-06-02 14:56:31
54	给镜子化个妆	1076.2万	兴趣爱好	2026-06-02 14:56:31
55	手帐胶带	15.2亿	兴趣爱好	2026-06-02 14:56:31
56	热缩片	6.3亿	兴趣爱好	2026-06-02 14:56:31
57	自制猫窝	2.9亿	兴趣爱好	2026-06-02 14:56:31
58	古法口脂	3947.1万	兴趣爱好	2026-06-02 14:56:31
59	我的兴趣不小众	18.3亿	兴趣爱好	2026-06-02 14:56:31
60	奶油胶手机壳	10.1亿	兴趣爱好	2026-06-02 14:56:31
